regime,seed,held_frac,spatial_mean,time_interp,climatology,svd_r1,svd_r2,svd_r3,svd_r4,svd_r5,svd_r6,svd_r7,svd_r8
random,7,0.1499999469207112,1.5629595518112185,2.0449769496917725,2.838097095489502,1.0915050506591797,0.92646324634552,0.8643545508384705,0.8355323076248169,0.8105632066726685,0.7933072447776794,0.7845014929771423,0.7783982157707214
cloud-shaped,7,0.1501395454502026,1.691235065460205,1.9487780332565308,2.8939802646636963,1.158900022506714,,0.9466077089309692,,,,,
blackout,7,0.151411856002259,8.564301490783691,2.105309247970581,2.841233968734741,2.1375980377197266,,2.0720622539520264,,,,,
random,8,0.1499999469207112,1.5622345209121704,2.039944648742676,2.836411714553833,1.0891609191894531,,0.8639395833015442,,,,,
cloud-shaped,8,0.1501989942536362,1.6233865022659302,2.106364727020264,2.756319761276245,1.1171115636825562,,0.8841643929481506,,,,,
blackout,8,0.1523168578759579,7.339536666870117,2.0878894329071045,2.380588293075561,2.132187843322754,,2.075484275817871,,,,,
random,9,0.1499999469207112,1.5638015270233154,2.047145128250122,2.8342087268829346,1.0909886360168457,,0.8651139736175537,,,,,
cloud-shaped,9,0.1506050508128031,1.5544356107711792,1.844028115272522,2.763131856918335,1.0625762939453125,,0.8424473404884338,,,,,
blackout,9,0.1509681131480583,7.282741546630859,1.737613081932068,2.872150421142578,1.7983945608139038,,1.725837469100952,,,,,
random,10,0.1499999469207112,1.5654913187026978,2.047084331512451,2.8522210121154785,1.0919595956802368,,0.865595281124115,,,,,
cloud-shaped,10,0.1511469903512468,1.6382092237472534,2.0250258445739746,2.760744333267212,1.1455085277557373,,0.9190160036087036,,,,,
blackout,10,0.1510461397025649,7.513949394226074,1.8442336320877075,2.9110782146453857,1.8855632543563845,,1.8066521883010864,,,,,
random,11,0.1499999469207112,1.5627790689468384,2.049098014831543,2.835264205932617,1.0912528038024902,,0.8654484748840332,,,,,
cloud-shaped,11,0.1512865888807382,1.6044450998306274,1.808501482009888,2.7320988178253174,1.089537501335144,,0.8325644731521606,,,,,
blackout,11,0.1516045338205304,8.098152160644531,2.014401912689209,2.786927938461304,2.040571928024292,,1.9694526195526123,,,,,
